[
  {
    "Data Element": "LAM12 - Public Access - Female - Actual",
    "Category": "default",
    "Country": "Rwanda",
    "Month": 201801,
    "Value": 60
  },
  {
    "Data Element": "LAM12 - Public Access - Male - Actual",
    "Category": "default",
    "Country": "Rwanda",
    "Month": 201801,
    "Value": 61
  },
  {
    "Data Element": "LAM12 - Public Access - Female - Actual",
    "Category": "default",
    "Country": "Rwanda",
    "Month": 201802,
    "Value": 62
  },
  {
    "Data Element": "LAM12 - Public Access - Male - Actual",
    "Category": "default",
    "Country": "Rwanda",
    "Month": 201802,
    "Value": 63
  },
  {
    "Data Element": "LAM12 - Public Access - Female - Actual",
    "Category": "default",
    "Country": "Rwanda",
    "Month": 201803,
    "Value": 64
  },
  {
    "Data Element": "LAM12 - Public Access - Male - Actual",
    "Category": "default",
    "Country": "Rwanda",
    "Month": 201803,
    "Value": 65
  },
  {
    "Data Element": "LAM12 - Public Access - Female - Actual",
    "Category": "default",
    "Country": "Rwanda",
    "Month": 201804,
    "Value": 66
  },
  {
    "Data Element": "LAM12 - Public Access - Male - Actual",
    "Category": "default",
    "Country": "Rwanda",
    "Month": 201804,
    "Value": 67
  },
  {
    "Data Element": "LAM12 - Public Access - Female - Actual",
    "Category": "default",
    "Country": "Rwanda",
    "Month": 201805,
    "Value": 68
  },
  {
    "Data Element": "LAM12 - Public Access - Male - Actual",
    "Category": "default",
    "Country": "Rwanda",
    "Month": 201805,
    "Value": 69
  },
  {
    "Data Element": "LAM12 - Public Access - Female - Actual",
    "Category": "default",
    "Country": "Rwanda",
    "Month": 201806,
    "Value": 70
  },
  {
    "Data Element": "LAM12 - Public Access - Male - Actual",
    "Category": "default",
    "Country": "Rwanda",
    "Month": 201806,
    "Value": 71
  },
  {
    "Data Element": "LAM12 - Public Access - Female - Actual",
    "Category": "default",
    "Country": "Rwanda",
    "Month": 201807,
    "Value": 72
  },
  {
    "Data Element": "LAM12 - Public Access - Male - Actual",
    "Category": "default",
    "Country": "Rwanda",
    "Month": 201807,
    "Value": 73
  },
  {
    "Data Element": "LAM12 - Public Access - Female - Actual",
    "Category": "default",
    "Country": "Rwanda",
    "Month": 201808,
    "Value": 74
  },
  {
    "Data Element": "LAM12 - Public Access - Male - Actual",
    "Category": "default",
    "Country": "Rwanda",
    "Month": 201808,
    "Value": 75
  }
]